id;title_uz;title_ru;title_kr;content_uz;content_ru;content_kr
1;vortals;sky;Forward bandwidth;Zloty Handmade;infrastructures parse;Account Brand
2;connect AGP payment;Optimization intermediate Savings;turn-key Delaware;pink;white Jewelery;Movies
3;HDD neural Interactions;Music next-generation;discrete North Gloves;archive See applications;plum;online Card Light
4;firewall invoice;Baby web Profound;California Towels;supply-chains reintermediate;Expressway copy connect;ivory Fantastic Director
5;Implementation Nevada payment;strategic relationships;Sleek Mobility;e-enable payment Loan;Ways;Accounts COM
6;innovate;indexing Granite Research;Implementation Fresh;Cambridgeshire Designer;haptic primary Cloned;functionalities quantify Paradigm
7;haptic Diverse Robust;neural ROI Reunion;Salvador groupware application;Synergized deposit Pizza;red Pine;matrix calculating
8;scalable Georgia;Functionality;invoice payment Cotton;Handmade payment;Baby matrix violet;synthesize
9;Automated Implemented;Associate Quality;indexing;Salad Serbia tan;Account 24/7;Direct
10;AI throughput Shoes;invoice transmit;context-sensitive Factors Configuration;Managed;e-business;Lodge
