id;content_uz;content_ru;content_kr;posted_date
1;Architect leading-edge;virtual;online Cotton;2022-09-27
2;Armenia invoice;Clothing Interface Turnpike;Jewelery Account;2022-09-27
3;Handmade Loan Coordinator;hacking;Supervisor Focused channels;2022-09-28
4;reboot global;mindshare overriding;Checking;2022-09-28
5;morph relationships;needs-based;Consultant;2022-09-28
6;backing Vista bottom-line;overriding;Borders Marino;2022-09-27
7;Implementation Multi-channelled Optimization;Salad National innovate;Fall ADP open-source;2022-09-28
8;Human;gold paradigms;archive scale bypassing;2022-09-27
9;transmitting;Human Metal monitor;Tasty Analyst Account;2022-09-27
10;FTP;Fort Bike world-class;implement Sleek;2022-09-28
